,ANZSCO_TITLE,ANZSCO_CODE,Jan-19,Feb-19,Mar-19,Apr-19,May-19,Jun-19,Jul-19,Aug-19,Sep-19,Oct-19,Nov-19,Dec-19,Jan-20,Feb-20,Mar-20,Apr-20,May-20,Jun-20,Jul-20,Aug-20,Sep-20,Oct-20,Nov-20,Dec-20,Jan-21,Feb-21,Mar-21,Apr-21,May-21,Jun-21,Jul-21,Aug-21,Sep-21,Oct-21,Nov-21,Dec-21,Jan-22,Feb-22,Mar-22,Apr-22,May-22,Jun-22,Jul-22,Aug-22,Sep-22,Oct-22,Nov-22,Dec-22,Jan-23,Feb-23,Mar-23,Apr-23,May-23,Jun-23,Jul-23,Aug-23,Sep-23,Oct-23,Nov-23,Dec-23,Jan-24,Feb-24,Mar-24,Apr-24,May-24,Jun-24,Jul-24,Aug-24,Sep-24,Oct-24,Nov-24,Dec-24,Jan-25,Feb-25,Mar-25,Apr-25,May-25,Jun-25,Jul-25,Aug-25,Sep-25,Oct-25,Nov-25
0,TOTAL,0,165363,165429,185974,174667,176608,169588,177768,175656,180395,179395,171562,150808,148797,150979,156485,117845,92868,89610,116099,132424,146395,158166,170021,161219,166032,176227,211776,222096,231314,227395,231648,229760,233983,246433,261778,242567,239672,241934,286771,284870,294176,285587,296528,301831,301758,303498,289797,254977,250885,250410,290877,277850,282802,269295,277802,278295,277672,279641,263685,230766,224531,224831,247060,239755,238782,229580,225960,223357,229703,236254,227089,199341,194347,192841,215338,204042,206099,201701,210416,208051,214332,215499,209716
1,MANAGERS,1,21384,21744,24286,22888,22780,21810,22467,22145,22548,22311,21190,18657,18643,19145,19758,14406,10771,9591,12339,13788,15140,16132,17283,16480,17320,18713,22624,23811,24880,24686,25644,25786,26257,26715,27666,25288,25569,26231,31143,30740,31615,30485,31566,32091,32246,32542,31015,27574,27446,27916,32559,31412,32208,30768,31484,31251,31085,31524,29897,26247,25532,26044,28941,28586,28597,27651,27027,26667,27225,27781,26171,22975,22925,23260,26155,24934,25301,24725,25513,25059,25396,25140,23969
2,"Chief Executives, Managing Directors & Legislators",11,738,733,807,804,845,811,840,803,854,841,823,740,716,715,733,556,480,450,568,613,670,701,724,684,711,767,917,962,955,921,968,1015,1043,1020,1043,949,938,964,1098,1091,1109,1123,1169,1205,1190,1204,1149,1049,1048,1083,1282,1272,1312,1248,1264,1232,1206,1244,1218,1069,1007,1036,1162,1166,1153,1109,1085,1105,1179,1217,1178,1061,1016,956,1021,1011,1051,1047,1080,1053,1044,1040,1005
3,Farmers and Farm Managers,12,109,122,149,132,127,123,136,142,150,142,133,122,122,118,127,103,100,94,109,118,141,147,164,147,160,173,199,207,206,202,220,228,234,220,227,217,225,219,230,221,226,232,253,274,284,287,271,254,243,252,263,262,297,297,301,281,275,296,272,240,226,212,225,233,250,245,221,214,221,221,206,176,173,173,193,187,197,187,199,198,200,190,178
4,"Hospitality, Retail and Service Managers",14,5142,5273,5841,5344,5223,4974,5070,5149,5352,5513,5170,4512,4460,4589,4663,3205,2238,2039,2786,3226,3523,3917,4283,4203,4501,4872,5787,5961,6184,6085,6180,5973,6108,6537,7203,6812,7004,7280,8743,8662,8997,8695,8996,9148,9206,9417,9021,8088,8159,8265,9537,9080,9330,8908,9082,8988,9043,9262,8821,7818,7804,8120,8929,8721,8657,8381,8033,7864,8094,8382,7921,6907,6984,7159,8012,7456,7548,7365,7613,7531,7626,7582,7097
5,Corporate Managers,1A,8798,8987,10069,9492,9512,9159,9463,9241,9331,9073,8612,7546,7704,7925,8192,5829,4192,3599,4708,5239,5699,5979,6387,6067,6425,7027,8620,9174,9686,9691,10078,10065,9870,9625,9702,8813,9005,9210,10981,10800,11066,10700,11078,11175,11143,11124,10561,9295,9273,9491,11153,10763,11072,10655,10934,10906,10795,10853,10182,8846,8700,8951,10107,9984,10041,9699,9482,9317,9447,9525,8923,7738,7855,8017,9172,8782,8924,8708,8976,8695,8789,8596,8218
6,"Construction, Production and Distribution Managers",1B,5072,5101,5645,5402,5365,5153,5293,5120,5120,5000,4803,4296,4256,4404,4577,3530,2709,2343,2821,3051,3341,3525,3782,3650,3839,4131,5002,5334,5594,5574,5842,6073,6308,6477,6643,6041,6049,6163,7327,7250,7463,7087,7249,7318,7346,7422,7053,6329,6267,6459,7550,7319,7358,6891,7072,6994,6925,6942,6571,5775,5476,5517,6096,6078,6055,5856,5836,5768,5819,5901,5551,4992,4918,5075,5647,5451,5451,5328,5461,5404,5456,5419,5230
7,"Health, Education, ICT and Other Managers",1C,1518,1535,1777,1711,1698,1597,1666,1692,1739,1740,1645,1446,1388,1388,1466,1178,1056,1066,1353,1543,1763,1864,1943,1738,1685,1740,2098,2181,2253,2211,2362,2432,2691,2836,2852,2467,2355,2402,2764,2719,2746,2650,2815,2972,3078,3082,2952,2559,2452,2371,2773,2725,2838,2765,2830,2854,2837,2928,2833,2500,2315,2203,2426,2402,2443,2360,2369,2404,2465,2542,2392,2106,1980,1877,2109,2037,2136,2088,2190,2179,2282,2324,2237
8,PROFESSIONALS,2,49250,49249,55129,52618,54370,52916,55470,54294,55019,54042,51798,46448,46169,46846,48681,38124,31034,28992,35718,40122,44508,47026,49119,46136,47033,50232,60092,63480,65918,65120,68020,69733,71533,72546,73594,66842,65576,66067,77344,76578,79122,76905,80688,82081,81932,82423,79986,72379,71209,70829,82127,80260,83079,79835,82792,83300,83052,83030,78317,69031,66218,64762,69894,68113,68193,65710,64125,63100,63975,65548,63886,57262,55684,54062,59641,57459,58545,57845,60345,59098,59976,59281,58105
9,Arts and Media Professionals,21,764,759,880,827,821,756,775,779,822,825,773,659,648,687,728,564,430,399,482,566,678,764,811,738,763,832,1050,1087,1105,1011,1053,1056,1124,1134,1192,1068,1081,1109,1376,1384,1456,1408,1490,1509,1468,1516,1464,1352,1347,1411,1671,1604,1617,1565,1581,1587,1520,1493,1358,1172,1125,1150,1304,1324,1323,1241,1158,1122,1136,1199,1149,1029,1016,1014,1120,1122,1164,1154,1173,1125,1144,1152,1149
10,Education Professionals,24,1636,1537,1614,1553,2026,2353,2744,2748,2571,2440,2208,2124,2073,1857,1715,1168,1043,1342,1776,2233,2741,2924,2861,2209,2130,2008,2237,2306,2472,2504,2559,2516,2627,2943,3283,3208,3096,2901,3125,2998,3365,3515,3814,4022,4128,4617,4931,4863,4526,4052,4302,4340,4710,4752,4881,5073,5310,5849,5936,5429,4847,4293,4436,4303,4234,4025,3804,3828,4002,4558,4806,4388,3805,3124,3175,3041,3245,3333,3410,3387,3622,4075,4378
11,ICT Professionals,26,10571,10500,12123,11785,12092,11423,11776,11329,11573,11282,10873,9581,9535,9941,10768,8805,7040,5844,6657,7196,8069,8493,8993,8579,8774,9654,11680,12573,12905,12767,13563,14353,15076,15015,14751,12799,12515,12986,15801,15594,15406,14177,14615,14553,14294,13915,13151,11449,11006,10723,12443,11958,11794,10675,10658,10633,10349,10074,9205,7971,7513,7605,8479,8516,8376,7970,7593,7479,7594,7860,7366,6520,6312,6557,7430,7365,7242,6840,6968,6750,6907,6651,6359
12,"Legal, Social and Welfare Professionals",27,4779,4747,5308,5074,5210,5116,5343,5348,5432,5383,5238,4788,4900,4942,5055,3969,3421,3632,4653,5301,5725,5984,6094,5565,5515,5709,6772,7005,7329,7276,7591,7614,7518,7497,7609,7041,6905,6814,7818,7709,8160,8096,8637,8854,9009,9102,8979,8156,8071,8227,9555,9463,9776,9533,10028,9990,9836,9664,9224,8178,8052,7949,8797,8764,9011,8917,8956,8925,8906,8906,8631,7765,7745,7607,8442,8077,8283,8473,9140,8944,8806,8577,8414
13,"Business, Finance and Human Resource Professionals",2A,8961,9143,10361,9980,10240,9796,10099,9781,9820,9610,9167,8146,8082,8279,8545,6247,4520,3949,5059,5598,6035,6384,6804,6491,6899,7643,9397,9794,10150,9892,10314,10427,10541,10589,10725,9721,9857,10191,12260,12141,12582,12117,12451,12396,12213,11992,11249,9856,9984,10184,12207,11846,12206,11556,11863,11709,11443,11226,10510,9011,8749,8856,10014,9856,9918,9495,9368,9106,9201,9134,8503,7373,7446,7760,8898,8504,8527,8282,8414,8154,8219,8139,7735
14,Information Professionals,2B,2168,2228,2528,2396,2353,2208,2275,2281,2360,2361,2238,1940,1942,1964,2034,1507,1169,1060,1328,1513,1701,1824,1937,1817,1827,1974,2400,2608,2649,2566,2671,2838,2997,3059,3076,2709,2662,2744,3344,3341,3356,3187,3299,3351,3346,3321,3197,2793,2710,2750,3307,3251,3233,3029,3131,3187,3136,3080,2825,2404,2328,2356,2749,2772,2810,2653,2613,2502,2565,2536,2369,2021,2023,2141,2432,2287,2276,2190,2258,2185,2172,2086,1971
15,"Sales, Marketing & Public Relations Professionals",2C,3042,3132,3590,3359,3431,3328,3505,3408,3432,3306,3107,2669,2640,2719,2781,1970,1365,1221,1647,1897,2165,2324,2554,2402,2571,2836,3575,3769,3892,3856,4077,4215,4322,4391,4528,3994,4032,4101,4990,4894,5012,4802,4958,4922,4784,4634,4335,3733,3729,3717,4393,4122,4236,3999,4166,4078,3942,3808,3513,2999,2956,2993,3377,3347,3374,3306,3233,3199,3247,3283,3042,2605,2590,2653,3091,3000,3053,3017,3082,3043,3027,2939,2745
16,"Transport and Design Professionals, and Architects",2D,2444,2367,2579,2470,2477,2428,2527,2446,2460,2365,2233,1982,1972,2067,2119,1633,1182,1037,1290,1510,1672,1805,1912,1822,1861,2059,2536,2723,2804,2733,2812,2824,2903,2954,3040,2746,2695,2719,3221,3154,3244,3092,3122,3078,3001,2987,2784,2419,2386,2364,2722,2537,2568,2402,2502,2463,2424,2399,2259,1957,1901,1911,2164,2130,2150,2042,2079,2012,2067,2019,1916,1674,1676,1728,2003,1927,1956,1862,1988,1985,2072,1985,1912
17,Engineers,2E,3965,3966,4471,4284,4417,4149,4293,4136,4191,4108,3955,3608,3585,3659,3744,2955,2316,2007,2354,2578,2822,2944,3077,3048,3155,3441,4066,4362,4546,4480,4723,4879,5060,5089,5125,4777,4763,4957,5818,5919,6212,6151,6565,6704,6569,6530,6340,5981,5928,5981,6960,6859,7106,6684,6918,6967,6916,6827,6386,5680,5373,5245,5716,5573,5570,5328,5370,5251,5188,5203,4877,4338,4183,4269,4791,4614,4541,4291,4449,4421,4526,4390,4223
18,Science Professionals and Veterinarians,2F,870,899,977,909,915,908,987,963,979,970,926,836,818,856,882,696,576,572,717,801,890,966,1005,1002,1060,1201,1379,1425,1464,1469,1568,1644,1710,1768,1780,1664,1741,1817,2144,2082,2178,2090,2165,2258,2247,2222,2019,1760,1677,1650,1903,1852,1923,1843,1929,1934,1970,1942,1825,1634,1623,1616,1720,1635,1623,1506,1486,1535,1595,1637,1482,1391,1373,1371,1443,1383,1349,1297,1346,1360,1390,1343,1329
19,Health Diagnostic and Therapy Professionals,2G,3892,3910,4286,4043,4283,4342,4617,4537,4632,4710,4640,4317,4280,4258,4219,3238,2766,2900,3786,4426,4860,5194,5436,5240,5344,5421,6254,6448,6748,6647,6718,6664,6586,6739,6956,6536,6261,6109,6800,6756,7014,6988,7453,7702,7779,7961,7987,7405,7423,7310,8558,8437,9026,8798,9313,9524,9879,10105,9711,8739,8349,7978,8176,7804,7828,7698,7524,7524,7764,8143,8028,7121,6735,6285,6820,6679,7014,6942,7137,6808,6970,6803,6708
20,Medical Practitioners and Nurses,2H,6150,6054,6424,5932,6111,6111,6526,6535,6738,6677,6439,5795,5694,5614,6088,5378,5207,5030,5963,6510,7144,7424,7632,7228,7132,7442,8749,9379,9857,9918,10370,10710,11061,11367,11527,10588,9973,9615,10640,10587,11132,11278,12111,12723,13090,13633,13546,12614,12419,12470,14100,13986,14884,14995,15823,16162,16322,16574,15554,13864,13411,12808,12970,12094,11966,11530,10931,10621,10698,11068,11722,11040,10769,9550,10000,9461,9899,10172,10971,10942,11129,11150,11181
21,TECHNICIANS AND TRADES WORKERS,3,22517,22391,25034,23027,22978,21695,22842,22822,23922,24299,23449,20577,20033,20130,20378,15101,11860,12143,15963,18263,20457,22995,25330,24156,24972,26356,31243,31900,32740,31737,31598,30603,30828,32975,35305,33060,32979,33683,39687,38786,39406,37938,39086,39678,39699,39935,38233,33763,34276,34801,40152,37689,38146,36325,37644,37606,37860,38432,36600,32326,31747,32150,34799,33197,32563,31328,31349,31142,32656,33840,32646,28682,28127,28184,31306,29188,29322,28545,29680,29374,30336,30992,30300
22,"Engineering, ICT and Science Technicians",31,4781,4804,5406,5138,5229,4944,5116,4914,4987,4880,4713,4195,4159,4323,4558,3517,2667,2339,2960,3345,3716,3928,4186,3991,4142,4500,5414,5697,5905,5796,5956,5934,5991,6112,6258,5723,5728,5897,6952,6866,6973,6624,6757,6735,6641,6547,6254,5604,5700,5881,6869,6593,6692,6413,6665,6677,6593,6581,6135,5424,5277,5416,6033,5875,5771,5420,5368,5221,5273,5323,5038,4417,4394,4532,5209,4978,4988,4880,5036,5008,4993,5021,4872
23,Automotive and Engineering Trades,32,6669,6615,7466,6865,6934,6650,7124,7115,7230,7094,6641,5777,5684,5722,5893,4541,3761,3836,4879,5526,6093,6606,7077,6683,7031,7552,8959,9111,9266,9145,9181,9049,8925,9134,9499,8793,9046,9357,10925,10542,10640,10438,10967,11231,11242,11252,10907,9869,10320,10741,12648,12194,12562,12049,12522,12343,12218,12148,11566,10272,10199,10380,11165,10692,10575,10289,10319,10008,10214,10116,9678,8595,8702,8777,9734,9014,9138,8900,9257,9029,9067,9083,8785
24,Construction Trades,33,2039,2006,2276,2080,2102,1994,2088,2068,2160,2214,2110,1811,1745,1802,1883,1453,1257,1466,1941,2214,2414,2712,2930,2705,2757,2907,3513,3597,3733,3628,3612,3487,3538,3733,3915,3496,3557,3672,4393,4124,4082,3873,3957,3998,3936,3935,3705,3182,3329,3453,4118,3826,3893,3732,3924,3901,3982,4030,3805,3219,3142,3178,3472,3260,3195,3199,3262,3311,3437,3564,3373,2889,2879,3022,3464,3227,3267,3241,3497,3498,3642,3672,3524
25,Electrotechnology and Telecommunications Trades,34,2639,2588,2889,2663,2600,2462,2559,2555,2656,2736,2694,2432,2393,2407,2390,1769,1333,1269,1563,1771,2036,2336,2580,2475,2596,2722,3137,3067,3136,3088,3282,3338,3448,3673,3865,3616,3666,3775,4386,4172,4203,4089,4297,4379,4369,4353,4178,3709,3842,3933,4490,4145,4210,4064,4325,4394,4493,4573,4364,3793,3788,3840,4184,3910,3856,3768,3839,3801,3891,3929,3774,3390,3453,3512,3911,3611,3560,3473,3671,3637,3772,3873,3863
26,Food Trades,35,3890,3807,4072,3656,3552,3285,3490,3701,4159,4461,4439,3968,3763,3610,3356,2208,1527,1730,2490,2862,3207,3972,4893,5045,5224,5242,6122,6371,6698,6319,5861,5181,5136,6133,7314,7379,6974,6753,7877,8222,8737,8553,8483,8451,8313,8413,7985,6939,6612,6276,6779,6144,6065,5588,5574,5519,5764,6180,6088,5599,5330,5158,5277,5026,4880,4596,4599,4824,5468,6196,6213,5542,4897,4499,4709,4422,4460,4230,4256,4216,4643,4949,4960
27,Skilled Animal and Horticultural Workers,36,937,926,1044,923,886,782,785,786,882,988,999,865,823,807,829,613,502,540,706,846,993,1178,1308,1214,1236,1292,1509,1480,1424,1305,1298,1314,1428,1599,1714,1585,1588,1648,1905,1764,1689,1558,1586,1659,1717,1803,1775,1581,1624,1613,1846,1662,1606,1462,1481,1503,1568,1666,1629,1428,1462,1562,1737,1605,1462,1326,1277,1338,1524,1685,1660,1444,1482,1516,1665,1518,1468,1377,1410,1461,1635,1739,1688
28,"Hairdressers, Printing, Clothing and Wood Trades",3A,964,985,1161,1050,1069,990,1056,1054,1188,1278,1214,985,910,896,882,569,486,623,951,1092,1293,1499,1576,1347,1293,1372,1654,1625,1608,1514,1429,1344,1349,1557,1660,1456,1383,1439,1757,1663,1668,1576,1604,1598,1609,1649,1513,1247,1274,1334,1553,1363,1345,1295,1359,1392,1418,1446,1300,1075,1067,1116,1264,1168,1157,1111,1102,1098,1190,1240,1173,967,989,1021,1167,1054,1063,1052,1114,1122,1186,1203,1122
29,"Jewellers, Arts and Other Trades Workers",3B,601,641,716,648,611,587,621,630,668,655,628,539,542,559,580,426,324,344,482,599,698,779,781,691,700,770,940,957,979,936,975,968,1008,1030,1090,999,1027,1138,1490,1433,1418,1225,1426,1630,1865,1981,1916,1626,1570,1566,1853,1759,1776,1721,1796,1861,1818,1814,1705,1518,1475,1501,1664,1664,1653,1601,1569,1545,1661,1790,1726,1432,1340,1320,1451,1367,1365,1395,1446,1396,1410,1455,1483
30,COMMUNITY AND PERSONAL SERVICE WORKERS,4,13797,13537,15034,14050,14410,14066,15073,15498,16409,16693,15922,13830,13301,12934,12938,9379,7479,8253,11319,13359,14671,16201,17941,17337,17735,17975,21166,22302,23524,22957,22259,20805,20864,23939,27823,27623,26519,25907,30025,30663,32632,32671,34095,35419,35335,35862,34013,30083,28753,27960,31735,30448,30704,29284,30340,30857,31043,31233,29457,26285,25611,24985,26798,25854,26081,24835,24404,24229,25205,25987,25250,22069,20440,18933,20252,18997,19280,19017,20125,20418,21628,22136,21553
31,Health and Welfare Support Workers,41,1318,1405,1572,1444,1424,1398,1479,1479,1529,1503,1447,1260,1304,1282,1328,1026,940,1063,1401,1607,1784,1890,1996,1845,1900,1956,2289,2346,2430,2429,2540,2522,2567,2632,2793,2629,2583,2545,2867,2818,2909,2892,3071,3202,3198,3185,3065,2789,2902,2989,3419,3204,3187,3002,3059,3073,3044,3061,2926,2684,2750,2809,3052,2953,2934,2758,2705,2612,2712,2774,2712,2440,2468,2468,2703,2494,2513,2458,2646,2592,2705,2652,2602
32,Carers and Aides,42,6336,6189,6792,6410,6711,6686,7095,7061,7190,7272,6990,6242,6018,5850,6019,4716,4082,4465,5885,6941,7427,7815,8106,7625,7639,7724,8912,9300,9686,9629,9760,9718,9965,10677,11815,11510,11484,11238,12643,12488,13409,13500,14299,14782,15023,15500,15258,13888,13568,12957,14474,13809,14027,13542,13952,14242,14551,15275,15113,13492,12860,12347,13284,12777,12796,12312,12046,11942,12467,13156,13098,11525,10911,10181,11027,10341,10495,10502,11069,11257,11816,12145,11841
33,Hospitality Workers,43,3648,3511,4001,3724,3779,3586,4038,4447,5020,5159,4886,4069,3764,3580,3394,2095,1309,1533,2374,2823,3201,4050,5219,5435,5667,5697,6947,7630,8319,7933,7054,5800,5527,7476,9643,10099,9133,8804,10519,11403,12164,12217,12325,12789,12303,12360,11200,9524,8414,8037,9214,9139,9216,8712,9075,9343,9327,8815,7589,6766,6789,6578,6882,6662,6997,6540,6376,6250,6384,6402,6031,5184,4129,3356,3251,3103,3117,2987,3139,3272,3642,3871,3784
34,Protective Service Workers,44,735,748,811,775,759,727,728,693,735,754,749,669,650,651,715,644,576,535,628,714,788,827,881,865,845,865,982,1072,1132,1100,1072,1032,1079,1175,1301,1234,1199,1145,1283,1232,1280,1285,1433,1594,1682,1689,1598,1430,1440,1478,1646,1546,1543,1494,1575,1475,1382,1305,1254,1114,1029,1001,1078,1065,1051,996,1010,1006,1037,1009,942,846,845,834,926,891,919,864,908,913,948,944,928
35,"Sports, Travel and Personal Service Workers",45,1756,1680,1863,1695,1738,1664,1732,1818,1947,2011,1852,1579,1560,1566,1474,909,575,659,1033,1276,1467,1616,1738,1578,1679,1735,2030,1956,1965,1869,1834,1730,1724,1968,2267,2154,2129,2179,2714,2710,2875,2777,2962,3050,3126,3131,2883,2445,2431,2493,2980,2750,2733,2538,2679,2719,2741,2779,2581,2225,2178,2253,2508,2396,2304,2239,2272,2417,2599,2647,2466,2070,2082,2090,2344,2166,2226,2199,2359,2384,2515,2525,2400
36,CLERICAL AND ADMINISTRATIVE WORKERS,5,27938,28509,32522,30581,30662,29187,30504,29619,29919,29122,27675,24102,24109,24990,26111,18895,13723,12524,16610,18887,20348,21564,23368,22462,23916,26213,32416,34275,35882,35522,36586,36167,36112,37107,39230,36119,36303,37316,45458,45623,47235,45681,47247,47407,46987,46660,44311,38425,38393,38953,46161,43790,44406,41901,43175,42684,41824,41573,39006,33899,33766,34711,39365,38260,37998,36155,35435,34517,34943,35295,33291,29065,29046,30009,34378,32741,32812,31680,32665,31805,32306,31886,30853
37,Numerical Clerks,55,5760,5919,6727,6364,6382,5976,6182,5867,5945,5809,5606,4945,4897,5047,5273,3871,2770,2339,2957,3293,3454,3589,3839,3670,3880,4311,5446,5814,6088,6064,6404,6509,6617,6701,6975,6340,6460,6843,8493,8514,8607,8073,8332,8371,8423,8401,8014,6942,7013,7139,8446,7909,7956,7354,7515,7492,7415,7439,6965,6095,5994,6132,6893,6688,6621,6330,6193,5992,6083,6177,5870,5103,5206,5425,6296,6016,6008,5777,5943,5729,5646,5472,5306
38,"Clerical and Office Support Workers, Couriers",56,616,617,701,641,657,615,645,641,668,676,629,530,487,487,499,376,267,250,338,429,477,540,582,559,548,581,692,756,792,813,810,810,827,911,973,881,863,876,1037,1038,1106,1088,1109,1079,1057,1069,1009,900,853,827,934,896,892,811,847,864,881,874,830,705,688,677,775,735,716,667,661,666,774,885,863,771,653,635,716,709,782,693,672,586,661,749,777
39,Other Clerical and Administrative Workers,59,4465,4627,5276,5067,5022,4775,4922,4744,4818,4715,4547,4013,4049,4189,4396,3321,2524,2253,2873,3283,3659,3892,4170,3910,4015,4270,5263,5562,5788,5678,5868,5971,6096,6257,6490,5853,5901,6041,7340,7289,7490,7201,7446,7543,7529,7536,7180,6264,6228,6291,7446,7164,7357,7017,7250,7164,7042,7035,6660,5815,5777,5924,6787,6646,6764,6569,6538,6433,6486,6588,6181,5397,5356,5464,6266,6006,6136,6010,6249,6116,6177,6114,5897
40,"Office Managers, Administrators and Secretaries",5A,5011,4999,5660,5295,5338,5117,5311,5195,5186,5044,4709,4102,4062,4278,4430,3162,2157,1834,2413,2710,2907,3045,3295,3198,3457,3849,4758,5067,5362,5403,5666,5578,5518,5515,5758,5203,5198,5287,6476,6499,6785,6621,6922,6936,6823,6733,6423,5698,5753,5965,7048,6839,6954,6647,6830,6727,6556,6444,6024,5254,5162,5318,6025,6012,6039,5740,5589,5361,5363,5377,5095,4496,4465,4613,5247,4983,5011,4836,4973,4812,4886,4786,4616
41,"General-Inquiry Clerks, Call Centre, Receptionists",5B,12077,12340,14155,13220,13265,12704,13434,13167,13305,12886,12183,10510,10608,10990,11508,8168,6021,5852,8036,9172,9855,10497,11480,11128,12013,13191,16261,17080,17841,17568,17840,17300,17049,17728,19033,17843,17890,18272,22110,22292,23244,22687,23442,23475,23152,22921,21686,18619,18550,18739,22277,20983,21245,20075,20728,20431,19924,19778,18536,16029,16139,16660,18892,18175,17853,16843,16453,16062,16243,16277,15277,13298,13368,13868,15860,15028,14880,14364,14829,14566,14929,14758,14243
42,SALES WORKERS,6,12586,12554,14286,13234,13334,12908,13528,13458,13829,13785,12928,11031,10930,11371,11872,8376,6110,5933,8510,10168,11489,12850,13755,12700,12777,13417,16282,16982,17867,17563,17710,17263,18120,19988,21921,19787,19408,19417,23661,23429,24302,23493,24248,24707,25272,25695,23971,19749,18575,18284,21337,20121,20373,19567,20210,20964,21542,22098,20192,16829,16136,16443,18604,18220,18419,18084,17816,17964,18881,19719,18362,15209,14654,14806,16892,15780,15962,15805,16657,16741,17654,17963,17140
43,Sales Representatives and Agents,61,4226,4350,4958,4655,4680,4540,4773,4729,4739,4545,4262,3752,3962,4210,4416,3140,2334,2204,3055,3475,3627,3682,3779,3557,3885,4219,5053,5137,5259,5118,5102,4899,4827,4943,5243,4791,4968,5241,6342,6175,6228,5974,6110,6078,6106,6068,5760,4874,4912,5065,5996,5762,5861,5689,5925,6003,5975,5987,5563,4881,4929,5226,5941,5841,5857,5755,5685,5640,5624,5633,5212,4482,4630,4893,5637,5251,5264,5137,5371,5282,5295,5170,4907
44,Sales Assistants and Salespersons,62,7128,7051,8007,7428,7475,7306,7717,7796,8139,8300,7803,6545,6240,6381,6676,4670,3363,3344,4951,6076,7116,8292,9050,8281,8052,8316,10121,10606,11146,10974,11030,10795,11651,13360,14948,13373,12818,12536,15426,15396,16192,15694,16211,16647,17081,17411,16082,13143,12076,11702,13593,12784,12926,12326,12737,13404,14068,14588,13191,10774,10117,10146,11404,11122,11299,11086,10934,11089,11967,12670,11797,9547,8889,8800,10027,9396,9554,9543,10077,10273,11088,11528,11009
45,Sales Support Workers,63,1229,1163,1319,1153,1177,1063,1038,936,948,943,866,732,732,771,786,561,411,379,507,615,746,875,926,861,835,880,1113,1241,1465,1472,1585,1573,1641,1687,1733,1622,1617,1643,1896,1861,1879,1824,1927,1980,2085,2217,2129,1733,1595,1518,1754,1572,1592,1554,1549,1554,1500,1525,1443,1178,1086,1073,1261,1265,1258,1241,1197,1237,1288,1415,1352,1178,1128,1121,1234,1137,1155,1126,1209,1189,1282,1261,1223
46,MACHINERY OPERATORS AND DRIVERS,7,8015,7775,8764,8095,8088,7659,8013,7871,8209,8380,8187,7093,6923,6902,7433,6070,5397,5562,7000,7933,8643,9132,9730,9068,9275,9666,11502,11938,12307,12139,12235,12177,12521,13318,14150,12832,12884,13065,15706,15382,15638,15084,15747,16283,16357,16363,15503,13426,13408,13549,15984,15034,15193,14430,14869,14675,14565,14758,14010,12092,11748,11861,13286,12806,12642,12195,12227,12126,12435,12927,12579,11026,10911,11092,12662,11807,11851,11519,12154,12091,12719,13176,13111
47,Machine and Stationary Plant Operators,71,1938,1919,2161,2039,2093,2025,2136,2066,2117,2064,1989,1701,1682,1703,1828,1546,1397,1432,1685,1850,1962,2073,2146,2003,2097,2238,2641,2702,2769,2742,2798,2856,2957,3048,3126,2823,2886,3008,3595,3508,3588,3457,3605,3625,3595,3532,3359,2940,2984,3033,3560,3396,3489,3379,3475,3415,3368,3338,3206,2788,2817,2793,3075,2906,2910,2819,2824,2772,2814,2881,2782,2480,2533,2647,3031,2825,2851,2772,2899,2876,2940,2988,2885
48,Mobile Plant Operators,72,2456,2306,2561,2391,2377,2249,2349,2339,2479,2591,2581,2261,2109,2058,2239,1927,1777,1766,2183,2439,2637,2672,2769,2554,2489,2560,2992,3152,3191,3107,3115,3149,3242,3468,3560,3161,3027,2976,3535,3486,3594,3539,3779,4021,4126,4154,3969,3485,3438,3458,4044,3852,3873,3655,3791,3837,3860,3983,3757,3261,2989,2984,3307,3287,3237,3152,3169,3216,3349,3538,3449,2990,2876,2868,3228,3018,3029,2980,3179,3186,3426,3612,3654
49,Drivers and Storepersons,7A,3626,3548,4044,3676,3613,3393,3515,3471,3615,3723,3623,3131,3134,3145,3362,2591,2222,2360,3129,3650,4037,4388,4809,4513,4688,4874,5868,6087,6347,6286,6320,6176,6320,6805,7466,6846,6965,7072,8588,8390,8453,8087,8370,8646,8635,8670,8166,7001,6981,7058,8370,7790,7834,7399,7599,7425,7339,7424,7045,6043,5939,6090,6899,6623,6496,6230,6229,6138,6266,6511,6358,5556,5494,5571,6394,5965,5968,5769,6079,6025,6351,6581,6574
50,LABOURERS,8,9879,9670,10917,10158,9993,9345,9878,9947,10537,10745,10414,9069,8686,8665,9307,7501,6482,6613,8637,9910,11144,12263,13500,12877,13001,13653,16434,17403,18202,17676,17596,17220,17749,19846,22069,21017,20423,20251,23737,23664,24221,23337,23858,24169,23933,24006,22768,19588,18817,18111,20824,19097,18693,17185,17293,16959,16704,16990,16203,14051,13774,13878,15364,14723,14295,13623,13578,13614,14387,15157,14893,13056,12565,12491,14037,13128,13027,12557,13269,13458,14315,14915,14678
51,Cleaners and Laundry Workers,81,1593,1579,1765,1639,1574,1448,1508,1545,1644,1678,1672,1484,1440,1431,1614,1328,1154,1121,1540,1811,2043,2227,2534,2569,2631,2777,3274,3448,3496,3295,3282,3113,3148,3577,4248,4342,4321,4329,4996,5068,5225,5052,5103,5090,4916,4881,4566,3989,3792,3625,4097,3754,3622,3277,3239,3166,3083,3138,3050,2724,2756,2741,3018,2883,2877,2770,2755,2783,2919,3151,3107,2833,2737,2738,3004,2759,2734,2631,2796,2827,2993,3203,3229
52,Construction and Mining Labourers,82,1073,1077,1225,1149,1147,1095,1179,1185,1221,1243,1164,1001,910,916,975,803,728,803,1017,1156,1282,1416,1454,1286,1294,1420,1761,1831,1890,1844,1867,1868,1930,2070,2098,1860,1830,1948,2375,2337,2354,2279,2325,2358,2311,2317,2176,1882,1865,1920,2310,2177,2181,2080,2187,2194,2160,2167,2015,1684,1607,1649,1828,1733,1657,1634,1664,1649,1663,1659,1565,1321,1321,1379,1619,1542,1526,1468,1544,1584,1684,1732,1658
53,Factory Process Workers,83,1726,1661,1908,1805,1793,1701,1790,1815,1928,1947,1884,1601,1546,1518,1669,1357,1190,1160,1510,1731,1928,2059,2169,2003,1936,2045,2426,2600,2782,2811,2908,2978,3241,3596,3863,3474,3294,3134,3629,3513,3604,3441,3596,3684,3763,3804,3628,3056,2823,2618,3048,2810,2813,2621,2666,2606,2572,2584,2451,2042,1956,1884,2119,2080,2078,1962,1942,1964,2094,2184,2107,1795,1730,1747,2031,1964,1968,1901,1958,1993,2168,2246,2159
54,"Farm, Forestry and Garden Workers",84,617,610,669,585,556,512,547,571,600,602,597,544,575,593,641,542,460,448,573,695,866,991,1098,1059,1114,1201,1409,1390,1331,1195,1198,1237,1316,1366,1436,1351,1375,1384,1525,1421,1336,1232,1260,1326,1324,1343,1294,1180,1202,1206,1347,1222,1158,1036,1040,1060,1097,1152,1090,962,959,1044,1146,1072,963,889,853,868,919,974,951,819,837,847,941,850,814,769,810,855,926,955,910
55,Food Preparation Assistants,85,901,882,999,940,942,843,904,955,1066,1136,1102,969,910,871,875,620,460,475,639,727,808,974,1251,1329,1491,1560,1967,2277,2586,2564,2293,1945,1799,2423,3177,3460,3216,3019,3461,3629,3822,3776,3704,3598,3406,3431,3212,2698,2396,2161,2316,2007,1876,1645,1648,1564,1560,1599,1585,1430,1421,1431,1503,1424,1336,1240,1215,1278,1433,1594,1626,1477,1209,971,940,886,904,859,904,919,1009,1069,1063
56,Other Labourers,89,3962,3866,4346,4042,3985,3744,3945,3878,4072,4140,4000,3474,3303,3336,3524,2856,2489,2603,3357,3785,4207,4597,5000,4625,4533,4657,5601,5857,6106,5964,6056,6071,6317,6826,7253,6536,6392,6442,7763,7699,7883,7565,7860,8112,8212,8236,7883,6777,6734,6590,7708,7122,7040,6522,6520,6366,6231,6349,6021,5203,5072,5133,5750,5522,5387,5133,5141,5072,5356,5596,5538,4810,4741,4809,5501,5117,5082,4926,5258,5281,5531,5710,5657
